average(station_latitude),average(station_longitude)
18.5577799994,6.0269922351
-50.649798482,-26.337952711
-50.3487857143,-26.3110884902
46.5093076883,-122.1204352557
44.7390770761,-110.8877917355
37.2162791065,-119.3959192983
40.779861496,-111.6197366933
62.3776927117,-148.3445838959
19.467078534,-155.4209746708
36.4015400819,-89.5566109928
49.069838388,-125.1526037927
41.7861537795,-112.2873704465
62.3876429422,-142.6823654004
64.0366999761,-154.7483404721
19.1531718434,-66.5433350093
39.6629797843,-111.2847551799
53.4880217371,-166.6587308966
51.8121365861,-175.7759676621
33.7007423077,-109.1357770866
64.4864154951,-153.9897244205
35.6339065717,-92.1170876712
57.8367128421,-155.1978399229
42.9138187717,-111.8069653493
46.2702567923,-111.4596281847
36.5244628581,-97.4728639053
46.0229574014,-118.4933423751
65.7529783525,-144.9594591229
59.4511298969,-137.2680440152
67.8563431057,-162.4148875232
44.576360089,-114.4252256992
47.2974496368,-112.6272656859
67.7961789678,-149.7169628706
35.6156096923,-84.4790560533
51.9713126895,178.3192481297
46.1547160667,-112.5804321743
50.0134651821,-119.6649747327
45.757597552,-113.6891326286
37.9998044,-110.1205251449
44.45824084,-120.9611424456
58.3925818249,-151.606191442
40.266175,-116.3026884445
58.5410889678,-137.1151928706
59.8355004645,-146.2664115148
47.9826207842,-113.6130650902
59.1328589678,-143.0508228706
36.3517443571,-91.7928148227
34.7422896129,-97.5737648066
42.31555558,-111.6936274817
33.4021222222,-96.6576506563
52.2477135484,-170.6393018089
37.5062111111,-104.7620787204
56.9355989678,-152.4093028706
21.057426655,-71.548476666
14.64958,-94.3416216403
13.70546,-91.8207084298
54.6534833333,184.4810470009
13.87732,-88.7947673184
10.3607666667,-85.2714002271
14.5602,-92.05862624
14.8114555556,-92.6917997929
13.17976,-88.8984699276
42.0723052632,141.8350052506
37.2481340909,71.0545159264
-4.35894,102.7463737801
-4.48094,130.2982712126
7.204,126.5029002067
22.8639368421,120.9732279189
33.8094142857,140.3537082857
2.0422666667,126.9847101273
-7.9737,112.8707205229
22.88534,118.3027582224
38.1501,140.9487185507
3.1555749484,126.2199594326
28.6097,142.266356082
40.9846,26.3323963344
41.3206313787,26.3473403056
39.5001428571,55.1667042764
-5.298625,130.678230915
1.47714,97.1655809179
36.27084,139.9870691963
35.3111875,24.570021792
66.2042763514,-17.7795382446
70.7601666667,-19.260710614
70.7886090909,-15.8466189429
39.57722,22.8683981095
58.0340854487,-164.2875282705
-14.5577173913,-177.7406654069
-13.0132,-172.7508653659
-2.8,151.619060279
-32.9188,-72.3192998307
-8.83216,161.333837842
13.69322,144.765892784
-2.7855833333,158.1715882992
-3.7732555556,153.3273659211
-29.1394025,-177.3409180263
-15.2249,167.7078510234
-4.1638809524,152.0814453429
-3.3127454545,152.5913784043
-19.0833133333,-71.9893709665
-19.5357111111,-71.4388376911
-20.4026155875,-68.6509038294
-20.13996,-71.232064237
-51.4038,-23.5720412368
-50.6264,-29.0064122425
-50.7588,-29.6044471132
-50.5001,-28.2359
-50.3774,-31.6610292883
-50.1254,-28.576128522
-50.4202,-30.7744364974
-41.2838,-14.2260351496
-50.5137,64.2930563455
-50.5483,-24.5354700806
-50.5626,-24.8392648001
-50.2669,-24.0627665075
-50.6849,-31.2411558624
-51.3137,-27.0001692221
-50.4767,-28.3143016327
-50.4397,-31.7325713113
-50.0175,-22.3042005925
-50.209,-22.7461508951
-50.31,-28.6933802282
-50.9581,-19.764317751
-50.5485,-24.9333940623
-50.6378,-30.0194775797
-50.6978,-31.2758214738
-50.4039,-28.2151523959
-50.432,-24.6629716482
-50.5013,-30.8904639058
-50.5964,-28.1884384072
-50.3598,-23.3221116922
-50.0418,-24.1484204398
-50.3693,-20.2843380167
-50.8033,-24.9163721151
-60.0743,-60.3998547578
-50.7486,-18.3200885685
-50.632,-23.6819154016
-51.5108,-23.4472984124
-52.3145,-21.1946961023
-51.2226,-22.5843653907
-50.7813,-22.6278468907
-41.1177,-12.9344942958
-50.7072,-18.1590112885
65.7259336,-153.5326896967
53.8861842,-170.2187845761
33.9527,-111.6107927785
38.497,-129.3278360519
33.5390333,-123.5252031962
32.8102567,-113.328870441
33.55195,-120.1821713271
36.0688853,-122.6753766103
36.684,-175.23771474
33.6124333,-122.516131629
57.2415389678,-148.1176628706
36.7501,-125.0289129649
41.238,-118.4192229073
33.6009667,-111.3747466729
37.4275,-108.6386625039
38.6668,-107.2279970387
54.3410389678,-166.1808628706
37.0293,-124.3908488104
48.40236306,-124.8061239331
36.636,-109.0626570202
47.68447774,-126.8532769264
40.94323,-109.9009501779
48.08186522,-119.3061282072
36.95,-108.2857604413
48.35029567,-125.045795045
33.9303667,-113.6860731751
37.2368,-126.4451966937
42.58332936,-122.7391663942
58.6215295,-158.7957319191
65.9939389678,-156.3985628706
52.5695389678,-167.1083628706
43.00578484,-125.0683806728
39.6212,-128.3566427497
38.3453136,-77.5859921931
48.3048935,-118.350102851
56.2287389678,-158.9303628706
41.1568667,-74.1988406634
65.5436733,-154.3560116264
40.2183,-102.8121117643
45.1841,-74.1509145372
65.0757258,-157.1428864378
61.5955389678,-156.3779862112
43.39031143,-122.239651259
41.3792,-116.4419847259
64.1220389678,-152.6042628706
61.6988318,-155.6872623401
66.926754,-156.936702504
63.8473389678,-153.9475628706
62.7104389678,-142.8898628706
38.844,-107.7529844072
57.8471389678,-143.0101628706
58.6748389678,-150.7170628706
39.5795,-98.2685507721
39.5723,-126.6548787703
58.7478389678,-156.4784628706
39.5477,-137.6532508144
44.9327,-71.5790165517
40.1047,-117.6877447329
45.8084345,-111.5443602191
49.52047557,-120.9668660374
48.2390355,-114.2071731475
35.5709968,-89.1466924476
40.0381,-75.1774036236
44.5744667,-70.9827118511
44.5762,-78.9268448202
39.58303045,-108.951969917
59.4833903,-128.9797789323
39.5738,-98.2935507721
40.1766333,-76.2467207126
49.4541071,-120.5766069836
40.52665981,-126.4829588079
33.10486522,-79.8154687784
39.5908,-128.2333402518
39.6048,-126.6571747168
43.37742936,-122.3953452153
39.6132,-132.4522052795
32.8087967,-113.3939822241
48.079819,-116.1082842606
47.6521634,-110.9980088524
49.2376072,-115.7222865278
66.7564389678,-147.6025628706
47.51301576,-114.0121926383
38.5327,-126.5091561115
47.6835304,-114.1725819434
38.614,-128.3014110795
37.5701015,-124.6093708401
47.85629025,-115.3995678561
40.8647667,-74.3024063692
64.8089389678,-144.3099628706
37.95431143,-111.940831468
42.63605873,-111.2827135413
36.201,-107.6312325779
40.52985981,-126.4782588079
37.3862,-132.5028033708
37.5003,-95.8017741746
38.9842,-109.9432383078
64.0823875,-161.8455323523
46.82774513,-118.6019330748
39.6118,-142.8930437
34.4378933,-114.2202616961
59.8544485,-135.9937533591
52.7359389678,-166.9044628706
39.4004,-127.8179143551
54.5165389678,-166.1897628706
42.5149799,-123.5421207285
41.3327333,-74.1631314554
58.7957389678,-143.6657628706
43.8853,-78.5980355224
48.76762611,-119.0645657003
65.2080389678,-143.6261628706
39.3008,-74.5728798687
43.41049675,-120.544603756
43.6416333,-73.8988434926
33.00368207,-79.802060168
52.6402389678,-168.0761628706
35.1936333,-120.4170595824
38.2965,-105.2743869057
47.1430892,-110.4815732989
43.9737333,-72.2106247162
59.2590389678,-140.8770628706
66.8534389678,-149.7530628706
65.9995389678,-169.7003628706
66.7781389678,-146.4487628706
50.8023389678,-172.2738628706
44.307,-73.0251094769
49.49284513,-122.9801771536
38.474,-126.1528354287
41.8178,-157.680680236
48.9109136,-119.0683868365
39.6745,-327.3559779254
37.4285,-109.8102061407
41.90305981,-124.3585
39.6695,-92.5441671898
36.5986576,-85.2341424272
62.6852389678,-143.0206628706
36.2376333,-108.2313801482
35.1004,-120.8405875196
41.5772317,-123.8425437833
43.1833,-74.1300987732
33.5679871,-121.3645302182
40.8184,-116.3703604952
36.71651,-112.8893454193
39.6117,-157.7264639335
20.50321035,-155.2654514474
59.4892389678,-143.7469628706
65.3970407,-144.1186804277
65.7534235,-146.7794235555
65.3837474,-144.1766945293
41.4546,-80.7110202365
48.63197557,-118.9547674859
41.3118,-110.3532792429
54.2428389678,-167.8091628706
43.25364838,-123.4808626573
41.11285,-73.977405027
51.9130389678,-179.4380628706
32.8052333,-112.2696361257
47.42176414,-125.980663763
64.6314389678,-138.7347628706
47.7936767,-115.4791885064
42.0120667,-103.5723933393
45.9249272,-112.0842155358
58.6262389678,-135.7840628706
43.839587,-124.6412635116
39.6557,-101.1881330871
65.9761389678,-153.5623628706
45.5002103,-112.7748508141
38.79150927,-128.6561082084
38.4653,49.2702525247
47.5543207,-107.1214611518
47.18465764,-124.2359581945
37.9418,-93.7890860113
42.92378099,-123.1721680736
47.183006,-110.5015219992
39.5522,-105.4776608867
37.2947667,-129.5236716295
42.23421143,-124.1918744193
47.3526598,-109.0453191555
54.5792389678,-163.6856628706
38.6437318,-123.7675296357
38.643368,-125.7578785048
47.16094188,-124.2442083262
33.6046,-126.5550658118
42.6624,-121.4420698542
42.1155,-115.685541677
42.79036197,-122.9739704728
49.88740493,-124.0982745903
41.2402,-118.1257309521
43.492,-71.7033930251
36.1110957,-123.5284522581
21.37241576,-157.7743304263
41.9138,-130.5707606062
34.44169,-114.9781448898
46.99047774,-124.4195782961
20.61299134,-155.4588025592
61.6387362,-139.1675987781
46.3634607,-114.1984048944
48.0942567,-117.3991539112
37.4615,-110.0614201091
39.19,-114.355723445
38.3515,-145.8737505269
38.334,-252.4183361442
33.5105,-110.4438235894
33.4578667,-110.9609219179
39.9703,-125.7751136089
38.6432983,-124.8194476637
41.695,-124.8535836392
49.510287,-104.5728729693
32.96923261,-80.2615553545
40.4444343,-128.4723032592
37.3853667,-130.602028983
61.2268389678,-155.8997628706
36.6253,-111.7460393434
42.7315,-121.5642992936
49.36430385,-120.1921083785
40.0271,-118.7062820783
54.9407389678,-164.2854628706
43.8099333,-73.8947486734
39.6347,-202.680807328
50.04027016,-125.7494675657
42.4107,-95.560804731
20.46376089,-156.2400329616
38.4095,-102.4644674362
41.1549667,-73.7139509267
32.8066,-113.2376350356
42.255,-110.4957504176
33.5969,-121.6199320444
47.0117428,-111.4261621935
47.5107894,-114.0347315958
43.3066333,-78.9325435164
42.936,-121.8971755378
39.588,-135.7791815326
42.6242,-122.8745819263
46.9459845,-111.3647215517
44.7833333,-121.3684587047
34.0404,-101.029263017
37.4408,-131.2393774442
52.4470389678,-179.0659628706
50.4557389678,-177.3258628706
65.9033389678,-141.0483628706
22.16035656,-156.609999174
18.89385271,-72.5690213321
36.94994729,-111.6762132305
66.8008389678,-148.3429628706
66.7914389678,-148.4633628706
20.60424513,-151.8466555546
43.22955391,-126.7619437878
54.2438389678,-163.8358628706
44.85073261,-117.2348388251
54.088549,-176.755151026
19.90885223,-78.5765500969
20.91537449,-148.8876268296
45.1218667,-76.1692164899
20.08688207,-80.0670596074
65.8176389678,-154.5174628706
38.8593957,-81.5301444085
69.1586389678,-144.7196628706
70.765965,-143.1745948094
20.13762828,-74.6887073174
68.0799389678,-149.6363628706
68.0550389678,-149.6435628706
48.26520614,-117.4419750355
36.5476,-80.8229792507
36.5440924,-81.5506277341
62.4600389678,-155.9630628706
65.9054389678,-154.1541628706
59.5405389678,-144.0715628706
52.4329138,-183.2086246099
44.8991237,-114.1434964843
38.14886041,-130.2130400471
66.2469389678,-141.7851628706
51.7860389678,-171.1460628706
18.19027774,-63.128421704
40.5061,-104.6395536689
49.862677,-94.27935667
48.4772272,-119.0552203762
18.91111396,-77.7991320471
54.5606389678,-160.8225628706
58.7489389678,-140.9486628706
32.3753,-103.4040148738
18.83988688,-71.749406511
69.2730389678,-144.5111628706
65.6088389678,-146.8137628706
56.3716389678,-155.9995628706
53.4374389678,-162.0876754684
18.49301865,-62.4118218402
65.9605389678,-152.6429522074
49.93523863,-121.9098978133
61.274523,-174.4986295469
56.2981389678,-160.6512628706
41.4410033,-73.8935671379
57.6140389678,-152.0756628706
49.91872178,-121.7164709736
50.3283389678,-176.2189628706
50.66010987,-121.0405296121
52.9965389678,-162.7778628706
54.2002389678,-163.8412628706
52.0795389678,-166.3223628706
34.2162389678,-97.6273054297
68.8560389678,-146.8628628706
19.47865319,-75.179611668
56.1748389678,-155.8974628706
61.3295389678,-154.1788628706
40.5576,-104.9564902081
33.631,-111.9633491866
52.6951389678,-164.9091628706
32.1759,-117.5338817649
22.04412395,-156.4638046893
58.6206389678,-156.3038628706
58.9137389678,-134.0483628706
42.76743105,-118.1219056915
52.0951756,184.1579999623
52.90934,170.5884211536
46.9637777,-111.4986008774
54.5525389678,-161.8198628706
42.7777142,-118.1270505121
41.3932,-114.4351178656
42.07326149,-125.9327852522
50.3162389678,178.6571371294
50.6565389678,179.2698371294
50.2285389678,-178.5812628706
57.4313389678,-136.1063628706
51.1040389678,178.7268371294
42.49245331,-109.0787487041
51.1896389678,178.3890371294
62.6388389678,-145.7045628706
67.2017389678,-148.0707628706
50.8018389678,-174.4218628706
59.3367389678,-140.3030628706
59.9133389678,-148.2243628706
38.0978389678,-78.0616628706
54.3414389678,-162.6707628706
51.8517389678,-168.0928628706
19.85279856,-80.8874353692
36.900987,-129.9138849759
20.50199627,-83.3012931844
52.1649389678,-179.3465628706
56.0636389678,-161.2333628706
35.1542473,-85.1761774415
18.84286378,-59.8768773947
58.8230389678,-150.3777628706
35.4256071,-90.8386531929
18.64447329,-71.6392323435
42.7400142,-118.2735895907
40.4734,-104.7163128643
41.6865,-73.2499525031
53.2471389678,-162.0445628706
52.6764389678,-171.7132628706
41.3714667,-115.1367012272
60.2100389678,-145.7420628706
60.2158389678,-145.7276628706
56.1633389678,-161.9728628706
56.7159389678,-158.2239628706
58.4498389678,-139.1623628706
56.2959389678,-157.5671628706
32.0072667,-104.8821186743
60.2167389678,-145.0659628706
52.4432389678,174.9057371294
59.4941389678,-146.5649628706
52.6841389678,-167.0357628706
50.9421389678,-173.8624628706
36.5440924,-81.4911193297
52.6557389678,177.4534371294
62.6527389678,-145.4430628706
52.7846389678,-174.4186628706
20.84116907,-156.2667550842
54.1104389678,-163.0759628706
54.7808389678,-165.7034628706
63.09133,-139.0074539201
66.5893389678,-155.1840628706
56.6557389678,-157.0525628706
59.2062389678,-147.5864628706
52.7801389678,-174.4422628706
50.6957389678,-174.6009628706
41.86206414,-122.5516632462
61.8861389678,-156.3502628706
49.49511468,-119.5319168927
54.4969389678,-162.3824628706
37.36621035,-124.5081094075
50.6904389678,179.2958371294
61.8090389678,-143.6337628706
32.4088,-118.9134008113
61.0943389678,-154.6066628706
34.6169667,-122.0351321608
69.6024389678,-148.1445628706
33.1801,-96.9111636924
35.3037,-110.0473579814
47.9785262,-115.9510067326
37.2717093,-84.0604345005
35.0106397,-87.7925142828
64.4962389678,-143.4765628706
43.29515824,-126.0474422194
64.2190389678,-154.7833628706
33.1719,-96.9340257281
59.8707389678,-144.9753628706
42.78428159,-118.3548465855
34.0605587,-81.6636727264
19.28540108,-74.918378925
37.0597,-111.4202624221
36.4987,-110.5513740735
58.6674389678,-156.0177628706
33.5731641,-81.72561239
47.62915006,-103.9987524601
58.6292389678,-155.5450628706
42.22959783,-124.2313894168
42.48170277,-125.0961493603
50.7099389678,-173.8332628706
67.5708389678,-154.5198628706
61.6990389678,-143.8055628706
35.7112,-95.1260823542
67.0391389678,-157.0612628706
36.1759799,-83.5413679119
20.643987,-155.6716688221
20.89584838,-155.0269517985
39.5967,-64.1477621256
37.6485777,-92.3990170794
20.896,-154.7664279283
32.4153667,-125.1611430736
18.09835355,-69.3760528257
37.2317082,-83.8947953117
43.2692278,-125.1781285984
48.4829414,-118.0510038845
50.57252347,-125.1645911775
56.8492389678,-158.3267628706
55.0622389678,-162.0189628706
45.716868,-107.3747997701
36.6303473,-92.8728224021
67.1932389678,-146.6147628706
54.5803389678,-163.6909628706
69.3495389678,-144.3767628706
19.90317942,-71.6649123213
42.47598376,-124.6495986348
45.9266721,-112.0689303346
36.0502,-126.3122929992
32.0307667,-105.4897366195
38.3387681,-127.0850095078
32.0601333,-119.3616268666
20.6054426,-71.9316603806
32.97633261,-80.1984541118
64.7214389678,-159.2941628706
20.1067136,-153.0604868365
20.1231799,-158.5720793245
41.7540333,-122.8426886517
43.15754031,-120.1007755434
37.3645978,-83.3253819583
36.6923598,-84.9732234204
62.6389389678,-154.6511628706
36.2815,-82.2352542287
36.1209462,-82.3922814598
39.2734,-94.3056673319
57.8741389678,-157.5566628706
51.8247389678,-179.7603628706
42.48386799,-125.5664906262
67.1724389678,-146.7352628706
47.391387,-109.0477281145
49.95320493,-121.9794755072
36.4369,-112.214001166
35.0694462,-84.8628137911
37.0493598,-82.1276761885
35.6012745,-87.6344069103
35.5939745,-87.6847175342
59.0937389678,-134.9036628706
64.4947389678,-158.1635628706
56.9987389678,-157.6872628706
42.38365548,-128.6937538529
64.8526389678,-155.8484628706
18.76125536,-59.952985775
60.9433389678,-156.8645628706
35.4509,-111.5276992497
32.9870389678,-97.0089628706
19.75650903,-73.220644475
46.5169675,-115.3511865542
67.4439389678,-150.9865628706
57.3267389678,-157.6538628706
55.5042389678,-162.4514628706
58.7422389678,-141.4120628706
45.0015367,-121.0275693792
37.612,-77.7388310723
37.61064838,-78.0494416551
21.05159711,-73.2342114423
52.2699389678,-178.0909628706
51.1113,-68.1698321714
41.4537,-104.1209442438
66.1656389678,-158.4739628706
10.923,-80.8779377238
21.19706522,-157.2550701282
65.4183389678,-133.1288628706
56.7231279,-158.8052459901
21.28414465,-72.2389941843
56.8861389678,-156.6410628706
41.45644681,-125.9247349989
51.6411389678,174.6257371294
64.7778389678,-139.4974628706
50.1265389678,-179.6362628706
66.2874389678,-145.2005628706
61.3608389678,-158.3075628706
56.2831389678,-156.2521628706
33.6487,-111.6578024882
33.7564,-113.4365584287
67.7461389678,-157.5196628706
56.1664389678,-158.1641942203
54.3737389678,-161.8099628706
21.35316366,-70.8443722624
34.2210389678,-97.6309054297
53.9802389678,-161.0007628706
21.51485764,-155.6513734978
43.9398,-111.0619839495
57.1723389678,-157.9601628706
51.0877389678,179.4681371294
10.0417,-81.1844672381
59.0937389678,-155.9366628706
36.7101,-95.199825065
50.3384389678,178.7203371294
65.6879389678,-165.0287628706
51.2276389678,-178.8376628706
35.3912,-113.4375096947
57.0113389678,-150.8961628706
46.6360389678,-81.3089628706
46.6275389678,-81.3007628706
67.2999389678,-146.2345628706
21.69503695,-73.0080763378
20.6467,-154.7184560986
52.1735389678,174.6389371294
52.0680389678,-171.3021628706
21.37115006,-70.1779800244
31.673,-114.4235673975
55.6394389678,-157.0174628706
65.1168389678,-134.1989628706
55.8099389678,-161.6551628706
57.7744389678,-151.3652628706
21.7314533,-155.0660678837
66.3490389678,-141.6468628706
58.8936389678,-155.3583628706
43.901,-110.6430414098
50.5725389678,176.9488371294
50.5725389678,176.9488371294
67.3938389678,-145.4366628706
67.4589389678,-146.3188628706
31.7342,-114.4218369145
18.89307858,-57.4041234043
29.596,-98.7381289183
66.7617389678,-160.6275628706
69.2970389678,-148.0731628706
69.1713389678,-148.0177628706
33.9429,-99.9856930937
56.4157389678,-157.3109628706
69.4238389678,-147.6189628706
69.5223389678,-148.3417628706
71.1068389678,-134.1399628706
21.16969098,-68.6845995876
21.66318051,-70.9425291505
58.9365389678,-137.3988628706
54.7680389678,-154.9420628706
19.76652599,-71.5735752241
38.4014,-94.8654221433
40.7585,-115.0356060324
32.0374,-94.0059174043
56.6012389678,-156.9888628706
41.6086,-108.1768582326
31.5593333,-116.0363049786
53.8210389678,173.4863371294
56.1227389678,-157.9341628706
56.8694389678,-153.5113628706
20.28031529,-73.8981209397
60.5240389678,-158.2656628706
56.1630389678,-158.6842628706
58.8391389678,-155.3261628706
20.04968869,-72.8507317486
50.8674389678,176.2676371294
51.2249389678,-179.3586628706
59.1271389678,-147.8918628706
54.8913389678,-160.7092628706
45.8416,-116.5449314501
56.2865389678,-154.1566628706
43.16435716,-118.002178869
56.6814389678,-156.4242628706
34.1969389678,-97.207637016
56.0107389678,-161.5472628706
66.6120389678,-142.7185628706
20.84228159,-72.9000068989
20.53344224,-72.6655270245
41.7279,-106.1658826962
20.21686667,-70.9564887592
56.1709389678,-161.6764628706
19.21827521,-74.0181855491
19.97706053,-71.7510460758
20.3160574,-94.5925324471
20.19239651,-74.5654939352
35.5338,-111.244404915
53.8455389678,-161.0903628706
33.0694,-96.836866029
34.3978325,-114.362180597
68.6761389678,-145.6253628706
52.2899389678,-171.9307628706
59.9506389678,-155.7880628706
19.5348,-100.9530756036
20.1635,-99.1763259484
12.8047,-88.4189199395
53.9572,185.0277160309
53.5892,-181.8801109444
54.3386,-166.7210881424
10.0792,-87.9764305584
13.8404,-86.5491652538
19.6513,-101.9089645778
12.9423,-147.1912801727
11.5986,-84.3656248938
53.5079,-174.4913354913
54.4755,175.9950427251
13.0052,-66.9083526232
15.2748,-81.9364422649
12.2472,-88.8164360887
13.0029,-88.380999283
12.1389,-78.9982851664
19.6342,-99.2544857943
29.2247,-108.0439480929
10.8943,-83.703318502
14.033,-91.8679878013
11.614,-91.4425644345
20.744,-80.2070067151
15.3044,-91.2605987662
10.4424,-74.2182921079
54.6836,20.2847058991
54.7552,176.0559585606
54.7378,178.2386869416
54.8113,338.6955327196
54.5891,175.7757908773
53.7177,175.6326308941
53.2709,173.558680244
54.5307,187.3443240796
54.6093,188.6866204829
54.3103,187.260759439
52.5605,-180.4491919907
54.2623,182.6889556724
54.6097,179.3214052086
54.4764,183.2210512265
54.4779,186.305734655
12.0539,-87.2958120133
12.4271,-88.705336513
19.93138388,-62.0094279277
19.6799,-63.5529365689
12.7126,-84.4941500607
53.3424,174.1292390315
13.2717,-129.177442259
12.3791,-100.5124322776
54.3589,182.264736639
54.7038,162.6408375687
12.4385,-87.8412503618
54.6578,175.8145859679
29.7387,-111.5356394113
67.9480389678,-157.5244628706
19.9262,-96.6093988165
67.9618389678,-157.5086628706
55.8225,-161.2020032057
55.2791389678,-155.6131628706
53.8649,-173.4458115874
20.5985,-100.7746249487
53.3346,-172.1881295494
54.638,162.9745431961
12.6961,-94.0031283852
14.2375,-88.0219660171
12.6987,-79.2780205964
55.3742,-164.7705369048
13.0329,-83.9091123754
32.6821,-108.1825126923
16.3163,-109.1329261005
16.3141,-94.6666005262
10.4981,-89.0964805556
15.3768,-61.5281533854
10.8494,-77.9189501013
16.6081,-93.5298702127
62.31801264,-139.9146814837
28.072,-53.3657215865
53.8631,-174.37716843
66.4324,-123.7866134431
66.488,-125.1612234195
12.9671,-82.1759114229
10.256,-81.8364602072
15.6231,-60.7354902591
52.1995,173.5428808361
58.9838,-155.6438521989
13.8974,-95.3259913208
19.9988,-96.1377946189
13.6887,-67.5928419026
14.5268,-89.9784840093
30.176,7.4079197264
52.3667,-186.5856409045
18.4623,-99.6220459658
27.8454,-113.524730351
10.1896,-86.8352345895
14.9779,-90.1713305482
17.5619,-136.6247993466
13.243,-70.3450886643
52.5463,175.6266388089
53.6426,-172.1789791055
60.95247894,-155.2540298869
15.3523,-94.1934461117
53.2566,-172.2036997781
52.6424,176.3796068655
55.7589389678,-157.2022628706
19.3798,-104.9683583001
18.4689,-96.9112971813
12.0928,-85.6616729647
52.2174,-179.9303154871
18.0588,-100.1704871543
10.0212,-83.7362733629
52.6066,177.1124329954
19.5313,-119.4110554845
16.6154,-102.2825498997
52.3210389678,-115.2859628706
17.607,-98.1278157032
18.0881,-74.0308704979
15.6934,-94.5154185618
21.1692,-98.8628028135
13.0074,-84.5971146653
15.4338,-97.502580775
18.1277,-62.1299736233
51.1318389678,173.3088371294
52.7982,171.3377858129
67.4513389678,-161.5470628706
53.0226,190.4144102359
20.8911,-76.353
65.866,-122.631
12.3695,-85.0183948547
15.4326,-91.5045427863
10.0227,-84.6659
52.2129,-168.586240171
14.7331,-24.3119846618
14.7555,-86.3120606303
54.9039,-177.6464917867
52.7523,176.5330944692
53.0304,193.1169333285
14.5426,-85.266664649
19.5744988,-62.4243877069
16.0698,-76.3169526442
16.5175,-60.2558410267
14.0329,-90.9331083046
13.6816,-79.2862244443
15.2844,-111.8192813961
52.5633,-140.67965033
16.6281,-67.2647740876
19.72089603,-57.8298860714
11.5034,-83.0392798838
16.2209,-86.1671464347
16.1735,-91.3896558537
16.4728,-95.9149734204
15.9144,-88.5321976108
31.2817,-115.076015992
31.2851,-114.5132378336
31.2513,-115.1491979996
31.2226,-116.1212792214
31.3008,-114.1003880087
31.4295,-112.4967429986
16.8535,-88.6014992955
11.9878,-84.6758009904
52.9788,-216.4170629299
13.7461,-155.7473751847
11.5629,-82.5071917299
13.6873,-84.9608429642
54.69461553,-121.8721247254
53.2175,-132.7745277631
15.4672,-99.8337231792
13.2105,-91.3790648202
13.6738,-95.8242920019
13.7402,-86.8766882049
14.8982,-111.5437744144
54.859,-164.1789887284
41.5166013,-125.3020932899
14.2044,-89.12948439
12.0999,-88.4035183463
15.407,-93.011972834
9.8065,-79.0980868508
9.9066,-78.9489888599
10.2747,-83.0657680111
17.1927,-108.9911123201
12.5779,-87.3811671601
15.416,-93.017
10.0047,-84.7754
12.8494,-83.2293131429
16.3064,-94.0423187489
19.4097,-80.4808331259
16.1802,-89.8234300398
55.6714,-159.8360629929
16.0326,-97.6561752688
20.4169,-74.468114146
17.6019,-96.6641299476
13.4346,-93.6469777722
53.1874,-174.2853128366
17.8633,-96.0026176846
22.69758725,-63.4448316579
10.2433,-81.7164229613
51.2249389678,-179.3586628706
17.6247,-96.8234242369
12.6903,-79.951445752
12.7412,-91.6750468012
43.12330433,-120.9406654386
14.562,-82.5351622693
78.28259748,-96.7821753342
78.5967,-96.9092674802
10.2682,-88.5503409209
12.9222,-87.3331956155
57.2695,-153.2477463947
14.7898,-100.4705125082
48.5540389678,-114.3559628706
23.7626,-154.5792123161
18.3633,-141.7696660463
52.372,-181.0106464535
16.5245,-95.1326887147
53.0457,-172.8675018425
33.2019,-87.8939913877
14.5303,-100.7295472776
14.5894,-83.0766690469
17.9134,-87.652846085
56.6868389678,-156.3345628706
21.4644,-104.5565005287
12.7948,8.9897760768
35.5873,-110.3700175679
15.4616,-86.647319269
30.4325,-96.4366774719
51.8543389678,-171.4118628706
51.6922389678,-171.2796628706
24.0808,-107.6388251285
10.5692,-76.4496117528
19.9945,-94.3676800919
19.4805,-98.6200502546
62.2575716,-140.0086791829
15.727,-91.7245726286
75.957923,-174.8928207347
53.724,-170.2411569004
54.8181,176.9501096184
54.7987,180.8609964383
54.18507762,176.4957563247
54.8116,178.423
54.8205,178.4971268779
53.8202,177.6103717266
54.7499,176.130442125
52.6246,-179.6709373716
54.0836,-168.6309389023
15.6756,-93.2541385891
18.6,-103.2611609452
15.559,-92.9251049132
28.2866,-111.5210923426
17.6147,-98.2336626952
53.05177305,177.4627264599
53.3371,176.8691029683
53.2513,175.263011599
69.4045,-116.3704806746
19.3409,-80.5695857556
19.3285,-80.3945620242
53.087,179.4450927384
10.535,-79.4426
11.9338,-87.4704048616
16.6559,-94.5986221504
20.2641,-94.4165058125
12.2321,-85.8453150059
19.4041,-95.2513084309
52.337,-178.6363877396
14.9695,-91.0433267431
13.3652,-87.4506753457
53.7685,175.3857121555
11.5998,-87.4214227917
16.442,-94.9664551009
13.7731,-77.9162057836
51.8543389678,-171.4118628706
53.72747714,185.6585726478
53.9194,178.5032386396
20.7549,-92.711248599
28.7208,-128.0921696981
15.4658,-91.1548952153
12.5,-88.3
13.1963,-86.2458892558
37.8448,1.9696715428
-24.9024,27.6293789414
35.0149,51.6753778522
35.1477,34.5684628675
-24.0569,28.0793277383
36.211,-5.9346178774
1.6646,29.9211873364
-8.2286,46.3975361054
-0.4581,26.6294773242
-0.481,25.9160410289
40.2526,7.3619201265
-24.8982,28.6215436445
1.6612,40.8573575408
-0.618,25.9275161646
36.139,129.1271059035
34.5496,68.8649055539
33.138,139.9062855758
33.4579,140.8982915117
-1.1008,125.0690583112
-4.6434,103.3520875231
-7.4791,126.571
35.9849,54.6596105065
36.1484,53.1138941791
20.8128,120.3272532804
-2.4367,131.5433750015
3.4806,95.558253258
15.936,118.0285059601
-6.6931,120.9240223855
8.2168,124.7703191032
30.6124,97.0716277469
28.3601,125.2733232851
4.4552,120.4199487581
35.2108,79.5581245434
43.0483,29.2807462008
-6.6588,106.0057370672
21.0602,121.258377415
43.1217,29.8169186226
43.0778,29.7816020395
23.3007,121.357207993
4.6531,95.5884453288
-7.3035,122.7453598893
11.1215,124.4219231538
10.705,119.7616
25.3576,123.2049630493
25.0816,123.0544176871
29.5078,56.2939999555
29.3978,96.6022721403
17.9257,124.0063185533
18.1106,101.4931506428
18.0347,120.5754112282
18.0292,118.9611711731
18.2182,119.7889593431
-0.1849,103.155258234
18.0594,131.2319523952
18.0737,101.6170390713
17.9904,135.8515814314
20.1544,95.6076201506
17.8074,122.7144586593
17.9986,121.7011076851
18.158,116.8641303087
-4.0943,102.7154980625
10.1505,128.860645027
1.1579,132.6466212718
33.1853,130.6685421181
23.0483,119.5122406833
29.8668,57.6735885642
-2.6272,132.4437958198
-0.2897,138.0300563111
38.4645,140.4379650735
25.8583,93.0289386262
-7.1771,110.0517611268
17.5894,124.4848911172
5.3299,95.7754146689
39.0419,94.8580605627
20.5457,132.8397200758
24.6695,122.0105943325
-2.9482,129.3268403117
20.1499,131.9322323274
34.564,52.8102719044
26.3537,93.5735316898
21.6216,118.0688088899
18.188,121.5525254653
22.2666,95.8638361164
37.2971,137.9751044486
37.6689,36.0933514701
46.9807,82.3908435064
17.2708,118.4482074104
18.8985,127.1323594325
-5.6195,89.1117587285
4.9312,126.9207390576
-0.5356,129.088138408
26.4452,91.9721317816
41.4151,43.5010512399
24.1136,121.485453496
0.3225,122.470331358
4.6494,124.934097568
-7.3596,113.7563024994
0.3371,100.787014324
-3.9482,134.8204574829
4.4119,96.0554806655
33.435,51.9039340314
35.324,70.3069848292
1.626,37.9921717475
25.7968,123.8891030673
4.5625,127.7932080308
42.1263,137.4497266804
30.5492,111.5770647929
37.586,72.5096043361
37.2836,140.7532518884
42.3823,75.4551778118
33.7089,147.2068511856
37.0612,31.7341021464
25.9386,123.8403369454
50.9737,200.9083984316
30.8257,95.2422188827
32.1919598255,51.48
33.3403,172.7098949673
2.8651,127.8262562036
11.6183,126.8316588171
53.3864,79.5791225422
35.1903,145.042561615
1.6597,99.6980890078
-7.8901,120.8989552052
25.1668,122.8895828245
38.9995,71.1253182565
42.0746,71.5993
-0.3617,130.9712471178
45.195,143.6406532889
-4.8657,129.9071723057
40.6532,142.3615580334
5.994,96.0155268621
37.0215,138.8777270095
-8.1386,124.3854361326
31.2598,131.9792947819
27.8259,128.5238193356
33.1891,131.199002392
28.4409,131.2089727506
3.9594,132.7219863884
41.8797,29.6585616839
22.8005,116.6438016961
2.5905,149.6885090375
3.3184,143.3768008172
31.8121,57.7749874065
42.029,137.500069431
2.3072,103.2115368952
40.3479,142.0196788647
35.7015,6.4868614903
6.7205,125.8823422403
44.0249,90.4225405092
42.3096,143.1381558924
37.2497,48.8195523482
42.0684,161.2607895258
42.3992,142.4630992026
38.9216,76.2072614175
5.7703,96.2392110779
41.0191,82.0532315419
-7.642,112.5855461535
36.784,29.2677060229
38.6085,139.6695026834
24.4907,40.7010736829
35.2149,78.8439725621
1.7133,96.2370166135
-7.1465,109.1884236165
2.6377,123.3160999236
45.0017,81.1517920954
35.6156,46.5956724841
40.6375,139.7541937435
42.0317,145.1314244379
42.7729,143.4003169648
37.7365,138.5171
41.4097,36.4319227965
-4.5048,126.7205982318
42.7222,37.654062535
21.6433,104.0244129887
12.8956,123.9312351997
38.4587,139.5308180031
35.2454,135.8244831245
43.8058,34.6062112809
28.283,104.3837692162
28.2382,77.6599804879
43.0824,80.8179936681
43.5729,144.2300229665
-7.8275,115.9173027647
3.6857,147.3254422648
0.0199,262.0005068989
8.0977,123.3557963893
28.9179,127.5801607434
45.9553,107.7103
1.8808,93.7987377977
40.5384,139.7180156023
27.1557,125.1672004345
38.7479,71.0316735643
42.0135,132.7619245247
42.1348,139.2466882484
1.2563,141.4691321033
37.6958,139.2235122952
34.9782,58.9420678623
29.5689,54.6694297687
-7.3476,120.4727403862
36.4111,138.5887680955
33.6738,125.4236699551
35.384,109.6696827357
-1.0023,129.60912329
5.3896,95.1517022013
33.2145,140.5662472924
44.5972,139.1055776003
-1.0389,100.7727022994
34.5486,113.6795723741
28.8581,127.3529083424
12.7601,94.1329323385
33.6728,129.0257249335
-7.4479,105.3658411256
29.3566,103.8509639689
29.2583,103.0455050939
36.4315,101.636335628
29.2438,103.601965866
2.6924,98.9493
42.1446,30.875766205
13.5484,79.6347353319
-2.3852,132.2984762471
42.1068,146.5203617636
1.7092,98.09753863
29.2527,127.2620191819
36.2354,136.1453791876
7.5278,124.4356968817
42.0937,151.0350449487
-3.9036,135.1626745245
-2.7258,127.8550499832
5.9909,125.3593222904
38.9136,72.4012401307
0.4104,123.2790298841
2.7215,99.0513
42.1396,134.9107612454
-2.908,133.107138957
42.2858,105.8837596302
9.6909,125.2680361993
-9.3711,124.3288891675
27.8249,144.52996933
4.3053,132.9931149207
4.5174,125.0463634062
37.6115,69.7750315087
45.8835,103.6720341147
28.7318,147.7748393697
11.7819,96.8604511621
42.8313,142.664807954
22.3944,116.7096168966
34.8281,131.9249541749
29.1122,128.1343
38.3312,27.721322863
40.3263,139.8074570204
33.8431,51.9499725514
43.8384,78.652451726
1.3766,94.2236419116
-4.2173,127.2714816099
1.1665,140.6930853872
1.2429,133.7780812151
8.0503,127.0707454758
3.6594,99.4194151815
34.803,103.8149120164
34.949,110.0420375556
42.034,41.9368979968
40.2264,142.9613487127
-7.7048,109.8633331444
41.9549,55.0350067574
41.9725,52.2668247477
41.9979,56.3001553313
42.0135,52.1346324457
41.9988,51.9514558357
11.1468,123.0891712625
41.9786,52.404958345
42.6061,41.1456244226
42.5834,41.2374406554
38.7376,65.35371498
42.0021,46.9863916271
35.7719598255,47.72
41.9856,41.4740401884
1.6459,133.6781635948
43.2913,23.6362287766
6.2042,148.6670307429
37.9207,69.88260456
39.38,43.2020865432
3.6249,143.444798877
35.3782,78.4647726673
5.5748,128.4906653043
3.7042,122.1486681875
39.3838,12.9204623645
-3.7163,129.9694655859
33.5868,129.7497334453
-6.3868,116.9499748412
36.1099,70.5880332572
38.7739,49.9670215734
40.0944,54.6982678026
39.4365,34.2129195606
43.6793,70.5513178309
6.8575,125.5735594886
28.2714,141.8840542625
1.5919,99.1348165284
1.6028,108.9293481565
39.0854,53.8031889823
11.7095,95.4206245516
37.4196,139.133182922
28.0629,142.3355924097
20.5981,98.9851311329
38.7589,42.3071382167
33.2182,130.9358009352
39.477,43.3082322753
8.4822,126.6121508794
-7.5792,126.2268302506
0.4802,130.2404361713
44.9982,83.4055874614
6.6792,123.9977
41.3673,74.5999055516
39.3198,139.4251794225
33.1969,140.4721840382
43.4428,142.8605741706
5.663,127.2602185334
28.0348,142.1359
-6.5398,121.9094633075
41.1051,139.6207511623
39.5838,137.9392275256
28.059,140.8886104978
38.7811,49.50313721
22.4742,118.726471173
28.3312,143.3277830043
41.5735,73.4411705084
37.7112,139.7887200437
43.6795,142.5620546475
35.2678,48.7153316464
7.8624,125.6668151584
-3.669,108.9318846041
38.936,73.3875040435
34.5248,80.2687262473
42.5087,142.7052247364
28.2355,99.0577847976
39.5506,57.1159143206
25.2319,124.7493674303
4.7674,127.4531408995
-4.2348,103.6913406459
34.6636,20.422226246
16.9077,93.6622086547
37.5179,140.1243016518
40.1367,76.8464206656
-5.6895,118.3761097094
37.9269,69.5021866056
5.2266,127.0150969274
0.4551,97.6771009871
24.466,118.4280788852
31.3146,104.4126527691
2.192,125.2056365267
1.3949,125.1017364525
45.2682,141.9388213075
35.5606,70.286950928
39.7301,71.918288502
39.3762,70.8912667919
37.2271,31.4858826022
-4.0821,98.303697458
-5.8149,126.977
1.0258,131.8611013664
37.6009,71.7212957658
31.6025,129.7987962906
4.3061,127.7622455372
34.9546,57.5397215255
4.7279,133.2917045006
33.2213,92.8805524403
9.7001,163.0855267688
37.6167,69.1678080623
-6.7512,118.2001831939
4.0389,140.6468746763
38.9356,141.5873612237
35.2853,70.2741618783
43.0901,49.115224462
13.9312,124.9249725529
33.4312,53.8730451725
28.4852,74.3331436386
35.3474,135.5292048343
23.8312,121.5663348896
3.8855,127.5300003602
-1.295,132.453965952
-4.8956,131.2418975747
-6.7585,117.4495044054
48.8672,67.8597
3.9508,137.5827995128
40.2689,146.3396636639
-6.1254,107.4329728505
-5.0636,130.0123
7.5799,98.8038855388
-6.9567,111.997455116
-3.6712,127.4255752964
-2.7411,102.3671806943
-3.8021,102.0226040173
8.1072,124.0566409656
7.7479,68.2086419466
38.258,74.030895509
39.382,50.5537865677
4.8719,122.0690939609
37.8334,69.1393308833
4.1075,138.1040032931
37.8916,82.9964243354
42.7936,143.4508
-0.9338,131.3516240226
32.1998,106.0474131744
38.9704,69.949840561
39.2973,136.0641336489
-4.802,129.3858007914
22.7826,123.9932428477
-7.9893,122.0616337491
8.985,116.0840139145
-7.9111,109.1043971119
5.7232,123.2318067548
-1.296,128.7999535573
1.4669,122.2217866822
44.4966,51.214299615
-5.082,131.4388729363
-3.6501,127.5304235702
-4.4215,128.7241298882
-5.0727,128.4001401442
33.8886,51.5365
27.2705,142.4480801926
38.9272,73.2982957419
-2.3999,133.241801543
28.2469,130.3533181271
1.895,97.6160611888
-2.3173,165.6104246694
-2.4196,141.6710567371
23.9792,122.2225062399
26.0296,101.2030604716
39.1905,104.4742342266
7.9759,91.5776097785
26.0465,101.1781362797
-4.526,74.2184518639
10.9425,92.9440457569
27.2661,101.21354964
7.6247,122.9445286763
39.3291,74.2177
-3.4549,99.3614024102
10.711,189.4194883927
32.7928,53.0515940746
14.5093,96.6694787147
0.9217,105.1541220002
3.9876,192.1922857315
-0.4144,137.8527151223
2.8311,119.3263191329
36.8773,140.3578
41.7639,140.8448839817
44.425,81.1003301382
39.5902,140.7208514038
39.492,52.9688957279
0.5218,130.8871261047
31.5048,58.0893280744
39.4783,34.3047669291
39.501,53.2548944179
34.6961,131.6291
39.4219,33.696269623
-5.8888,116.7880599178
29.4413,95.9723016368
32.154,97.5627570109
32.031,129.0532088091
-2.1777,131.6649844337
10.8649,95.2447999777
-7.4318,124.1385660198
11.1877,95.3611681699
37.9102,137.3783523252
4.639,99.998390902
7.9467,84.8122537802
10.8999,-99.5052201201
7.8262,127.8745208154
28.4792,129.9295367797
49.0942,87.1542365346
8.3554,122.7747258006
-2.3337,38.2584590834
1.9811,122.3753112057
-0.8245,130.4186110044
-0.6323,130.2445181743
10.4698,68.672188784
40.7666,76.0729437808
27.8337,128.1360143465
30.2657,56.5072177033
-4.3332,106.2853888118
43.3866598255,30.1188
36.2653,74.6294228634
-1.0535,124.3298961854
26.4621,97.015770618
-3.9815,130.3648815725
26.833,94.1449964775
8.7275,116.250308752
30.116,90.791281616
4.2326,137.3965163989
6.8184,61.3452446527
10.8349,84.7475029029
46.8023,113.6234683317
31.6503,128.5225348121
9.8228,126.2174291841
8.2231,150.0246035595
10.9136,94.5815528347
10.3855,81.1239247855
25.3491,122.5385832285
-2.1042,134.1869272651
29.199,103.9922436664
6.4288,98.5284801817
41.6606,141.951132667
10.6585,92.7114516113
39.1401,54.4387428254
33.2147,58.4440882343
-5.8871,91.497960033
-4.9821,120.603273094
35.0043,41.1474727721
5.2481,123.0013209202
2.3738,141.216257626
2.6631,98.1500547454
3.7637,137.2107845092
10.9134,92.6308896409
9.3266,122.8657196893
9.3266,122.8657196893
42.4475,142.4024198706
34.6686,132.0392883008
10.7606,74.7800172042
10.7721,90.8984
-3.6481,102.1203871599
4.1011,123.7181434961
42.9268,141.8784783158
-3.334,127.732854579
10.9412,31.4363752902
-7.5173,109.1434370688
10.7935,92.9768953829
1.3255,110.3041394159
6.6396,88.5022370434
-3.5921,112.954901025
-5.36,104.5409397101
28.9404,96.5947202217
46.9183,104.320081469
41.3649,77.5431379734
27.6212,98.1724531061
5.402,118.0536850291
46.8858,84.5926865351
18.8534,107.1072894456
-2.6494,101.6732707483
-7.327,107.9681256597
10.5157,121.4288683264
38.1072,30.6227552273
-4.0198,105.3650580706
42.3458,76.7447384562
10.2839,93.154929733
23.351,93.2260705909
-1.8039,67.5237298508
11.3209,95.3779151962
30.8422,54.8088526888
47.0522,80.9377558966
45.3641,141.4895990205
29.5236,56.1563052699
9.2127,125.2681
17.1972,124.9272999616
6.7837,90.4822926469
39.3864,71.1911372247
-5.0263,120.7457902563
10.7543,89.9224728028
3.0574,127.6096434396
-4.7677,119.2830128109
44.7141,141.3826868939
38.6288,71.5714054041
10.1602,121.8437767491
30.9307,53.2557368759
31.4096,58.1837319684
4.6324,115.5220720009
41.1631,67.3888119357
18.4057,122.5196834132
3.1501,98.5299407593
34.4171,67.1734433783
40.0079,73.3755017224
11.1602,93.1943674062
-3.7104,130.2121468934
43.0016,143.486068368
1.4079,135.3931686664
10.8584,87.875066975
25.2733,123.3482670654
25.5818,123.8944568205
0.7481,127.4716
37.7785,137.1087471625
47.9062,103.7384346211
48.0035,109.5471345315
25.4095,122.1120574242
38.0104,71.3969694409
1.5877,127.5609646843
45.136,85.5020316051
44.2231,106.2490404962
11.3696,127.4417400527
26.035,93.1753221543
-2.8094,129.5772070568
0.7906,126.9905142278
39.3056,76.8606836205
34.959,135.4618598075
39.7834,103.3143873528
-5.5696,124.6436377864
36.861,138.0505194297
-4.2433,119.789408566
11.6127,127.0005259979
29.4519598255,56.59
-3.9197,131.1741227016
1.4318,126.8928703482
3.7569,126.7239440926
15.7104,125.8485651668
2.0109,125.1322819834
34.7144,67.0754494886
-1.0246,100.7052425386
33.9328,73.8356635951
15.7386,115.6988566331
3.5665,129.9549853447
3.5154,120.5322006445
0.9932,100.9261514309
19.7853,96.1447208545
40.2919,30.4467338762
28.4531,128.8161002503
13.525,119.2883563382
38.4148,68.0052036021
-3.3377,129.7582294641
0.4718,100.9450379725
1.3008,102.6848634354
24.4108,122.0128122168
-1.0208,123.3621744543
-5.5233,100.8063272145
10.6787,127.3391430684
35.3702,137.1091132289
36.526,139.8198808953
11.136,-22.2755083113
28.254,93.336827393
31.9201,54.4964172164
5.3462,96.9742739936
6.4153,126.1449036759
38.1244,72.1169872055
38.9757,71.2347807922
53.1521,101.8452093576
-5.4718,122.1430873267
0.3264,125.9693088971
24.1063,122.3966824832
36.06,58.1655180973
36.3769,54.55114219
0.8023,135.910252509
29.403,104.9736976865
-4.0319,105.4298043489
28.3217,56.2184081004
4.7656,126.0478603241
33.3803,142.565026692
-5.5878,122.2215
30.4472,106.6202302084
17.9083,127.9245540403
18.1777,125.856723514
18.0704,145.0949952863
17.785,127.5182025033
-5.4591,107.5883239883
17.8809,129.9696121522
18.0064,130.5018752444
17.8614,130.5472358624
17.7638,122.0015186346
17.8862,135.7635629959
17.9485,125.7131260784
17.8797,125.1556881885
4.2051,152.5525732811
5.9946,125.8687543515
18.2011,129.6058388908
3.5932,130.9136395006
45.9467,57.6062226755
17.1599,122.7432466322
43.6146,118.8522986039
28.5207,128.8305436098
18.754,144.2317461202
2.8362,129.6959069223
33.6437,143.8537259795
35.0165,65.5514739289
35.279,75.557396067
42.507,152.3404908615
39.4828,139.6535594723
34.8762,140.2728442076
3.5412,130.4932508782
26.2744,125.0160726276
1.7292,97.0354
-1.0511,102.8093854239
36.555,58.9068811114
0.785,124.23021646
-7.5441,108.0662445389
20.872,124.75115426
5.936,131.7120524187
3.8728,151.3535351449
22.2798,133.5852676212
-5.5813,122.0460102012
1.2829,125.8643379109
43.1835,48.0505983896
22.1096,119.2241
2.9832,150.9426132326
42.1628,144.1969854037
-5.3484,127.1366400909
-2.8683,133.2862596934
24.3279,122.0711208947
44.136,142.2855522007
42.471,79.5686442153
-3.9607,105.6020721128
28.5763,129.3068725226
38.7001,68.5591825098
-7.6874,113.8681874569
30.7203,140.7673207234
4.0575,147.9207
30.3071,58.0233878959
-7.5776,111.5626993906
13.7475,125.4414799439
42.5233,141.5890577623
29.1967,57.5457581229
14.9925,97.1017754142
29.2301,128.3375619907
36.0057,90.6359585816
7.6886,98.4644000146
7.7987,128.0817081464
28.7801,143.0040072159
7.799,128.6899397286
27.2614,96.6308855164
35.0146,112.0079522706
42.0191,55.5687725478
41.9921,56.3345185101
41.9764,57.4890303106
42.0092,58.966030218
45.0056,143.8471464671
41.9971,58.5277557049
38.8096,50.4469306419
37.8545,30.7924605801
-1.4884,131.3804494256
33.5501,133.9688348414
38.8014,47.662818766
-7.7115,108.2427282819
37.9539,139.3939001617
22.8706,132.6144105608
37.2101,31.7879336728
7.937,128.4555940079
7.3681,123.5267074806
25.7488,97.5733458948
2.2529,128.8899684862
2.1308,128.7528683977
4.5822,142.4735063784
8.6629,95.2293888843
11.6397,92.4774662569
-0.1653,130.8739236313
-4.1101,102.461171332
8.037,126.2877298966
27.0271,128.5148722828
7.2651,129.2456088911
2.1984,144.6690334838
3.1499,122.2742157044
34.9956,75.0626802802
34.9666,65.8597181911
15.0697,95.1378536224
23.2959,124.3838
7.2098,129.8717586981
-3.8727,100.4449586595
44.6892,55.2074543303
35.5614,115.2233504612
45.0547,114.8097591878
16.7122,128.7829217657
14.8577,125.7691813308
2.5274,127.94335999
0.2865,137.3583490266
26.0724,107.1350832883
22.9312,124.7020117203
11.0933,97.0407254053
29.7199,130.6262801054
0.804,137.8495190264
33.2435,142.8333589311
-5.3605,108.6880676376
32.1556,134.9231140101
-4.0948,104.7124864604
21.4879,129.3257220683
0.7718,128.4728353754
7.4247,125.1831595697
28.1967,129.2748394494
30.8719,58.7844193367
12.4383,127.2193102381
12.6588,129.5855200235
-4.0813,123.0415223907
41.6364,141.1018222167
-5.5394,107.4387581513
1.5144,124.6899883324
10.8342,99.3912130249
6.6689,100.0129776198
12.8279,141.6683481181
39.0307,145.6062203808
9.3537,126.215475198
19.2567,127.0083182436
30.8399,57.7611523999
11.3199,95.2111758547
10.8798,96.2350024836
10.9678,94.264
-4.639,132.0410300352
42.1692,77.4225055586
1.3067,128.9606761147
3.0612,127.9767795316
3.0261,128.2241714613
-0.3071,125.0838303119
2.0567,98.7272255376
24.3285,96.8367894417
22.8851,125.8602576633
22.8556,127.1148383967
22.8668,128.5485617031
-4.9383,121.9295868076
40.3859,72.6591542313
10.8306,97.8751503394
3.2313,130.5052110112
10.8372,96.2648758124
24.2846,129.5592909626
31.6243,132.2739308159
-9.6794,124.0815457018
31.8308,131.8081528324
25.4654,123.8088366796
10.8371,97.6345565027
26.0577,106.5907117546
23.0152,125.8232028896
35.6197,113.5725360559
39.3415,67.1346978523
4.8177,97.4819926749
35.2965,116.5995386393
3.9216,127.530813888
3.2867,130.3534128905
13.3738,93.6546
3.3884,121.4261918816
3.9003,127.2435782644
10.0392,124.8241102597
-1.0215,125.1001619567
-3.684,134.8024601394
6.8435,125.3687112022
35.8667,136.1079
27.1168,108.1898387982
33.4183,178.7558116777
2.8796,98.1478483445
37,142.6
33.1536,116.698831297
-3.9715,138.8427844936
44.1326,144.7578816113
42.0122,58.7207310641
42.0265,58.924498177
2.2047,130.5432739264
3.8027,135.7095760567
36.8932,138.4296268719
3.3383,130.8868337874
46.4896,14.0262514082
52.4685,-5.0697022705
46.6312,20.9643031144
46.7250546448,21.2061019457
40.1885546448,26.7708019457
41.3469,20.1164618933
39.9896,20.9570363561
42.2771,27.7434812215
50.1399,153.5676957708
74.4518,142.6823007918
53.293,156.0404242863
53.0647,156.6836878225
59.5292,162.2704358056
51.0936,13.517651721
38.3469,-2.7933527558
45.4538,48.5326362742
68.0463,177.9995361918
40.6716,16.8332923463
40.2453,24.6046930039
40.7272,17.0642524751
39.0359,23.1901487155
53.4132,107.6921890943
40.1441,20.3669497242
44.1989,133.6812685117
53.2573,158.1017068359
53.0634,157.9256750224
45.9666,19.2690085077
37.4809,27.7815625763
63.4866,124.5035857772
39.933,19.6659431288
39.1627,22.4351279351
51.7102,145.021651072
54.2771,87.6637275827
40.0742,26.4500956446
47.7782,143.9592311685
35.8393,27.8694928353
60.16,163.7353474919
67.0223,151.9565602889
59.4823,166.9971790349
37.1282,-3.8667916341
39.7022,24.2767612567
40.9904,21.229956886
53.6283,158.0578312563
60.0026,161.6535462593
55.2857,160.8782118756
53.4834,150.3546023017
39.54,24.8973061205
35.7111,23.7012734404
51.8015546448,-2.3821980543
51.3914,156.163553558
55.1174,158.497836602
60.0309,167.3628365261
60.0491,167.3627719822
59.3023,156.4182522902
39.2895,15.9892577061
55.5118,158.356270666
53.4696,119.6043967228
37.0909,23.2444518433
37.4389,26.781610832
63.8729,128.721339745
53.162,154.8947830592
53.8363,159.4968321165
37.1879,-5.3455246396
53.5235,137.7535184896
53.3563,150.8863981296
60.2436,164.1562638931
35.9111,27.1775683752
42.7575546448,23.3948019457
67.4835546448,-17.5541980543
45.8171,26.5253829848
53.0642,145.9637059996
75.7163,145.3480049332
75.5817,153.3711131514
53.3559,146.2963557331
55.225,87.6632064532
53.258,154.219358722
63.3973,111.3055430942
51.5653,143.8434139633
39.3399,20.228802788
44.3873,10.9757329614
59.652,162.288196339
45.8666,26.562540617
36.0471,23.6355330325
35.2928,27.0612171577
62.8924,16.1903998229
40.9012,21.3731
-19.0828,168.3108899453
46.5495,145.83522246
-6.4651,-174.5501488904
13.3081,-70.297278901
53.0819,158.5173586011
44.0447,16.8924457179
35.546,26.5616920992
13.307,-70.1858578407
36.3122,27.3565784436
38.7662,22.3986174425
37.674,22.2333412499
35.9759,25.1097513637
54.0434,123.7536699302
68.6106,171.8880147459
68.6476,176.350776119
-16.7768,173.5419582202
75.6222,-18.9339140601
76.1342,-14.7272385473
-16.9508,170.3917889004
50.7733,145.3371822009
-17.027,175.9375336805
-11.1928,-180.806300519
58.3357,158.0188105153
49.1209,164.9265455672
75.6475,-22.2209653408
35.9797,25.9374965922
40.6983546448,21.3908019457
53.3642,152.2358540832
65.713,-19.4976380463
58.0589,159.4477396363
49.296,144.5912607176
73.2147,-16.5457228791
75.7083,-11.7464010021
47.8056,143.9936
53.2509,156.3369
64.8932,-101.3317354773
47.1244,25.4948235932
54.2914,102.0887534801
45.7315,26.4569924181
39.5825,18.7707568889
39.0245,23.3821855838
66.3813,-14.8998012495
35.6717,26.9336554958
51.362,130.6762703702
66.1293,-24.1532238547
40.077,21.5207449285
52.0872,144.0572338286
60.1782,157.8865929193
57.4285,168.7576179605
66.0599,-20.3268467355
56.7841,143.7917142556
45.5295,46.2420493433
51.4986,144.9359977367
-18.6394,172.7212
54.0785546448,19.0208019457
35.6543,26.3902781323
55.3951,159.3071507893
40.5284,28.8552160249
41.3464,20.4470101716
63.5914,128.7026179489
59.5423,166.3249075879
53.1393,155.764929005
36.0244,29.508210712
35.5602,27.0194656184
60.2791,168.4866250069
60.1183,168.14439915
51.663,146.7736697469
46.9264,144.8300757772
40.6701,24.9244709317
70.7676,-11.0526046315
76.1758,-13.8670834065
38.1563,25.508284168
70.7687,-10.8865409939
73.3737,-14.9521822633
-18.8983,170.4032623459
75.6655,-11.4826451422
15.2778,-59.7171626757
48.3986,149.5420458923
84.1018,1.5115888894
85.165,-15.2636826698
85.6299,-12.1610536041
75.6633,-6.4542408241
53.1297,159.395444849
35.7674,27.7314872945
48.5098,148.5894154729
75.701,-10.28906537
48.8849,148.3142458903
48.7823,144.4169
75.7043,-12.2313862599
39.8587,22.4758213503
73.3453,-8.4906153123
51.1601,155.9211473073
53.8616,159.8936992735
39.5987,24.8607020797
39.5009,24.3077730723
45.9852,27.2195430539
53.693,149.3916633963
40.7099,29.4433452827
49.0385,156.1374009016
-18.0946,177.2246186926
57.9109076709,-165.4342616038
67.0236076709,-149.4000616038
55.7796076709,-174.5725616038
68.1913076709,-150.3727616038
63.9954076709,-143.5887616038
58.1210076709,-161.0816858489
67.0083076709,-149.4384616038
45.6691077,-126.5094712674
65.8847076709,-154.1685616038
56.2939076709,-170.5101616038
58.8458076709,-161.6327616038
55.7093,-164.0715395284
46.0236,-126.4759612154
74.332506,-134.9664706845
-32.2678923291,174.7822383962
49.0507,-129.3256420422
-32.6098923291,144.5142383962
-27.0474,-211.6914458398
-16.3919,-179.5041782488
-16.3302,65.7916038164
-14.9031,-181.166936657
-1.6321,148.0438183857
-14.9314,169.7779481826
-12.8855,-175.5630392516
-15.4366,-178.1308604302
-49.801,-23.5164087356
-12.3859,-170.7811559296
-8.8762,164.2949722249
2.7416,112.4449608992
-45.014,167.6804259535
-12.6645,-172.0784433157
24.2936,152.9698104499
51.3619,-23.7438806821
-29.331,178.2437381162
-3.0262,159.261
34.1208,139.8647442762
6.3149,8.9407535912
-15.8816,-179.0728112017
-2.6144,156.0881384333
24.2982,146.968371773
-16.7439,170.0105495107
-39.9283,177.9736248946
29.2604,-68.825520149
2.8098,147.796843691
-45.0033,146.4255664376
-27.1032,23.2299576793
21.4957,-9.164908083
78.6765,136.9653808224
-3.8532,149.5165993037
85.3667,-4.7090535642
-17.5456,-176.2588569288
-28.7052,-184.1113844552
-7.8625,109.6727361975
53.0669,157.0216619829
-10.7445,-182.6762311166
15.9108,140.1042053085
-10.6486,-178.9700826298
-38.4947,175.7551593704
16.7926,53.4805347226
17.0232,52.711640503
16.7663,52.198398193
16.7618,54.9561303663
-11.7248,-173.071853077
16.776,56.129094549
16.2945,52.4326464657
16.8487,53.0171243822
19.783,-81.1855846925
-15.424,166.7046756761
-42.8919,141.3833648486
-13.1679,-181.7376678554
-8.0616,162.8434494914
-19.8701,-176.8045446599
-20.1051,-173.1883950166
11.3409,-67.1102438844
14.4971,146.1674678712
0.9114,132.2564397298
28.4561,-38.35409945
-11.8795,-173.1611565697
-2.4203,144.861788021
-12.0087,166.8141369028
-15.1977,169.0206
-15.0544,-177.4809
-16.162,-181.149928899
-15.0507,169.7871608072
13.822,143.1558331688
-15.5723,-178.3785392407
-2.6245,154.7319206231
54.9305,-168.6084313775
1.5634,145.9484886968
33.7261,136.6956552318
-36.6238,176.3572561244
62.9109,-39.5120450682
5.7828,104.9095055324
72.5575,-13.0785568193
6.0686,144.5550578548
20.2371,-47.4217830853
-13.9857,-88.8334009449
-3.9715,148.4296076644
25.8061,125.9636756943
16.2692,146.7492353125
-15.7078,-200.9826144118
-16.0456,-179.1610885426
55.9495,150.9504840589
40.2085,-37.9409034471
9.8284,-85.4044749936
85.4846,137.0884299948
-30.7901,-187.3728616815
66.8821,-46.7400608745
44.2732,-41.2372050629
44.2271,-50.9986681237
-16.9835,-177.910222635
-26.2908,-84.614229467
-35.2518923291,174.9022383962
53.129,156.0212973154
16.7756,33.2165026439
-39.2076,175.4147398238
33.0213,165.5048872797
-18.81,168.3319114904
50.9107,-44.0957031732
-29.7913,-177.0051665447
-50.7921,-28.4368987048
-18.7097,169.941424753
-4.9197,128.1098345484
-13.8657,-171.9630155572
-21.9524,-179.8398
-3.3136,158.2137978101
-4.1215,154.7556917258
7.9592,101.0002306236
-13.8864,-176.1456688218
7.98,126.2735924753
7.9367,-28.3056843136
-16.1065,171.4709890651
-9.0143,163.1573457948
54.2771,132.3718434574
-45.8954,152.1581849309
-42.8588,139.4173837885
-32.7406,-73.8270434569
-16.1325,-176.4783504296
-1.712,149.3496056704
-15.4744,-178.6782102367
-17.6636,183.4406589478
-3.6961,148.3934308521
-13.4286,-178.4632047069
-9.7775,-171.4038444855
40.4393,139.8364201357
41.8014,138.259549221
-28.6976,-176.4297142005
-14.8657,176.0521981272
-16.0809,-181.1855650956
41.26,141.5616565177
0.5172,-54.9138562496
-11.7049,-172.2547707906
15.0277,147.0017290302
-15.1224,-180.3527946375
46.2325,-126.7934265993
-15.343,-169.3280955623
1.7778,150.5688185178
-17.6856,171.1379477951
-18.02,168.2929627813
-18.04,168.2125257464
-40.5114,174.461579102
-17.721,168.7883033018
-17.79,168.8541924245
17.4804,142.7882786505
0.119,149.9900149028
0.3345,147.9649020663
-15.9129,-180.1977324599
-17.702,-131.4747990739
-14.2889,-166.1729445906
-15.67,-180.8388212489
-16.3312,169.0811658144
52.5005,-66.9204590392
-16.9904,-175.9688982066
22.1806,145.4695218691
78.5292,6.0425939239
-46.8461,-19.3482217744
-16.895,-177.7661245623
-33.1722,103.0835
1.38,75.1628477874
-2.6847,143.1504589538
-2.8317,146.6738830188
-12.9136,-175.3246940752
-14.5715,170.359712156
49.9651,144.7347839694
-3.9438,152.1617037096
-8.2018,164.1917672019
79.4314,2.4839826894
10.8684,149.085709929
64.4472,-22.5355273156
-15.4371,177.3858308559
-4.8193,129.8273773271
18.9782,-135.0393544812
-28.5943,-179.7165200613
-14.8616,-172.9073526814
62.7029,-26.1502881742
55.053,-27.4972300659
-1.7464,-10.568819524
-15.6597,-178.4736554331
15.0195,-26.6534275549
-17.5282,-183.3115711955
-37.0187,177.0340652364
-2.5903,131.5899088895
14.8375,95.4744548619
50.6567,145.5241502008
-4.0193,155.7280362938
16.3377,146.0702109385
19.6954,-81.5003932999
68.1101,-32.9269156709
-16.9623,-173.0443183946
35.5833,141.1079336479
-13.5169,-177.2722381506
7.885,144.6254110763
-5.5546,161.6710849001
2.6554,142.0326031039
2.7665,142.9082924847
-18.6244,170.6888086899
34.228,140.312902368
2.6939,148.3991300981
8.6507,151.0221783319
-7.83,165.3341071519
5.5198,-163.330030075
-17.0079,-180.3510161815
10.2046,-82.0674454704
-2.6419,155.1110942768
-2.488,170.0371059499
-0.706,147.40724385
3.8213,77.0885406328
15.0555,146.5384628695
27.1297,143.3411073871
-6.1786,162.8728806633
-3.7318,148.8452652098
-16.9656,-176.2856559458
-16.5607,-177.8440424969
-11.8432,-181.8603455751
-4.0021,158.1445247746
6.6619,92.4074758727
1.4232,150.6980020605
-32.3521,-73.1425088125
-4.9519,129.8080978688
-17.5785,179.5558
-1.6676,148.108912086
-3.9531,151.9574067204
33.4256,138.6512522391
-15.3409,-186.7895166731
-7.8971,124.6576281096
-2.8421,156.5840902944
9.6377,66.8427741676
16.1205,49.7816131536
-10.4199,66.4746146985
-26.8137,-178.15118017
27.3114,140.3428562903
53.2096,153.6072663393
54.9092,149.1300635112
-9.3075,196.4057839965
-37.0771,-83.7196982451
77.918,10.693761203
-38.4953,175.369939144
-15.8989,-174.8959012465
-35.0754,-85.4047965247
-31.7708,-73.3422397713
-47.7153,156.7254399729
-9.0518,169.2053114071
-27.8032,90.7389976642
-0.4275,-165.2482745271
19.4176,-80.8866
-9.8234,-170.6715852812
-7.8453,110.433504819
-15.0104,-171.884462201
10.5965,-194.5027258686
9.8734,78.4724654025
-3.0897,150.9713275612
-6.2765,160.4062310921
-21.1902,179.463648454
-13.159,-115.9280233337
-15.2886,-170.8678553628
-16.7695,-177.7032117466
47.6247,-25.7609079849
-6.5469,164.7136538205
-16.5602,-180.7999941549
24.2771,-107.4321129441
-15.1564,-183.0829567724
-14.6866,-175.8999583917
9.8291,10.5075546129
-14.5611,-171.3039078402
-32.8261,-74.6227241785
23.8191,-97.9212714928
-35.8286,-77.2135707894
-7.5781,164.6230285051
9.6102,92.8389252244
11.38,-18.1996195732
28.9391,141.5498766609
-6.0566,171.1946683547
-1.9308,149.6766485549
29.5989,140.9758793053
-34.8775,-114.8191774811
8.3182,-11.8029859469
-28.6873,-179.4740242855
8.2636,-18.2746366601
29.2588,141.340138699
11.7162,85.6406262349
43.5581,143.544080213
-33.0378923291,174.8722383962
-11.2615,-172.8500321086
-28.8805,-178.6955690378
-1.8806,158.2607666992
-16.6077,-172.9565764305
-12.5853,-176.2014999986
8.7713,151.0393461463
12.9216,149.3713240827
-9.3979,-170.5716093172
-17.4476,-181.8529167575
20.5211,145.527123462
68.8946,42.0127039147
-13.5429,-177.99827614
1.8758,154.4257452063
71.7112,-37.7458217106
-13.223,-184.2240158158
8.7581,-14.5900148897
27.2309,136.8617682737
-14.6999,-182.0192864311
22.4235,146.2710402789
-12.9969,-174.7271797026
-16.337,-178.4603148285
38.337,15.8484990134
-7.0509,142.7266677621
-24.3481,-113.452808932
-47.0163,-23.0763026161
54.8991,-181.1142785808
73.2084,-13.4735042325
14.0453,144.6695640849
-7.9977,190.0593569618
32.0602,140.2977662993
-3.2188,146.8030253068
19.6867,146.4723278435
30.8929,140.6174982981
55.9506,157.7062374229
13.7063,-85.2297379324
-13.377,-168.957658922
-14.5448,-180.3650717284
-10.1557,-177.7742070102
-6.6348,159.6906801673
-12.1839,-170.2064845135
33.1388,139.7222793462
75.7663,-60.0223633604
2.7807,140.586166748
43.3918333,-126.3654489957
-8.5848,161.7225622396
-4.1809,143.5564637276
-17.5061,179.4214428148
-13.0759,167.8095376804
-11.0845,130.8038085853
-1.5766,152.2704848516
-15.2229,-174.4204826107
-8.4719,162.354118214
37.1876,126.4223217548
-25.2574,-179.6730620054
56.0528,170.953846789
39.3575,131.435239989
-19.35,181.4714367568
-52.4771,-43.7153189781
-4.0173,146.8829534118
83.7893,-0.0655372937
27.4837,145.9330650817
38.9207,137.4157451996
-1.5235,66.7251127359
-17.5584,178.2778234423
-39.7484,-94.0479210806
-52.4908,-49.0483956278
63.1087,-27.555517961
62.8395,-31.6998572856
-2.9582,154.998196847
38.382,137.4058486643
-17.5431,183.2361793033
60.3064,163.5885787594
-13.4868,-172.5984548521
-16.5946,-177.8886958887
-15.7589,-177.9744438689
-8.4418,161.7673248273
-35.9678,35.528463765
64.6212,-27.9005611962
65.9165,-35.2677373522
-13.3746,-175.654297322
52.2362,-157.8297817541
-4.1998,175.1489697087
37.1978,21.1845913234
-45.8413,165.8407152322
-17.1558,-179.9393822121
-16.0424,-179.1092692509
-16.82,-177.0185049873
-3.4484,147.3791248177
-20.1349,-180.5100010257
-5.8617,148.6200029618
-3.0218,149.6973325233
-17.6804,182.2364193407
6.6078,-123.4397539079
92.4692,121.3536904951
-19.7136,-181.9680331715
15.3239,137.8601
-44.9565,171.2487567929
-29.0917,-173.1540024906
-27.0249,182.7587354829
-10.126,165.5395163306
-16.7976,-176.1121175475
-16.596,-179.0884005426
78.6165,6.2620963064
8.5036,156.0935883499
48.7039,167.7490976558
-44.5167,167.8412552675
34.4419,-43.5010211186
25.225,-35.7529261216
9.8306,-20.3366818826
23.334,-35.5903699197
25.254,-34.8872420984
-9.1873,-179.5563795001
-10.4628,-172.6915627912
33.4109,138.4715677279
-52.5167,171.9312030422
-48.1862,163.4270947023
-4.1994,154.0427958469
-3.1259,156.8982207456
-4.6722,149.500598017
8.2082,120.1693652405
26.0303,265.5255394105
-15.4545,170.8466146406
4.4053,76.7919757163
44.0212,-27.612379187
-3.0023,149.5763137545
-31.4978923291,176.1122383962
-17.4151,168.4102398612
-11.9259,-173.1832876723
18.6865,-55.620530307
-3.3099,156.4338583652
-20.9021,184.2600190629
59.9245,168.8911034188
63.7577,-41.830620943
28.8852,141.3837435008
-34.2213,176.2328022071
66.2097,-34.4597276746
53.124,-174.1049438221
29.2261,-69.1883443213
66.2297,-33.2779196133
-30.8395,39.1902953749
-16.1383,-177.4054605821
-5.7555,167.2964915226
53.4534,80.6751097205
-10.3885,-177.0369040158
-2.018,147.0707185938
-18.0864,-178.1227179236
37.9421,-13.4573450786
48.2027,-129.2656536305
18.2656,-25.1950923661
35.744,140.0245856241
-15.3381,-176.7384439449
-10.9158,-174.612061642
79.6245,-2.3863563582
-13.72,-180.8920614526
9.9816,85.3395332721
14.3988,145.4200481487
44.6882,146.0216577197
-0.6307,146.0070721578
-10.5113,-172.7409763985
-32.6223,43.4998579282
-16.755,-179.3394302681
20.7054,145.3260552293
-41.4752,138.6378156636
28.3241,136.7545261636
-16.5995,-179.2037355064
-9.3197,-175.8719444925
14.024,144.6563023783
-34.4164,179.080244741
-33.3854,123.9151050718
-17.4811,177.9398467888
13.8716,147.2004919718
44.8021076709,18.4822383962
-14.4441,-175.2509068932
55.6043,152.3054060007
-14.6889,174.8243920835
-6.0771,163.7921465881
-38.1669,-82.616719123
6.4454,-84.970499682
-3.4803,147.6670576313
15.3889,56.2162406041
67.3373,-45.621751033
-2.9255,148.2301
-16.9825,167.2816561273
-14.866,170.2350873659
39.1924,141.5283245836
-12.6699,-173.1518684168
25.8168,146.502297407
-21.689,166.6113679792
21.8969,146.3186201476
-16.968,-175.927503093
23.3602,-101.6630209077
23.5367,-100.8268464006
6.9517,141.0307464015
79.2502,1.005781449
-2.0494,145.0214083801
-30.3789,34.1868430719
-17.8378,176.9753851703
-36.7519,175.1207428012
76.1188,-7.2794235992
-17.6961,184.465811093
14.0742,56.0930124635
33.2718,139.188660561
-1.1915,144.2857829
-19.3717,179.3523370649
-14.3944,166.7118916937
46.7982,-296.5065972328
-17.5069,181.4228001488
-7.926,170.6950852994
-17.2229,-180.0637221112
-13.1931,-181.0353765212
14.0092,143.3428209065
-9.191,64.5874570617
-4.7384,163.4577864985
-17.5024,178.1085078852
-15.7556,-179.18766125
-15.012,-178.8656545472
27.2155,137.0229711623
27.2015,139.7324938213
-28.7248,-177.5039374563
15.5994,57.7023726453
56.8777,-156.2827511843
-2.5811,172.4931184525
-2.5419,155.0912340092
15.6279,57.7146269898
22.7972,58.1975975888
-13.6565,-176.2830879648
51.652,137.93705184
54.7808,-144.9514857335
15.8564,73.7289896753
41.8153,143.3641386965
-0.3788,148.9024299558
15.5348,62.8000637304
27.1908,129.985978386
15.6647,60.1593898183
12.1147,92.4816646224
34.9811,134.695644478
-0.8092,146.3670311449
-37.4196,179.5641052303
-28.7108,180.5490600299
14.1093,131.3650141187
10.5095,68.4409078983
-2.0495,147.1597028272
-3.1828,151.7388774839
-16.3436,-180.2920502261
27.1873,141.0702393962
-2.0459,147.1727714395
-14.2197,177.9403041437
15.6682,154.676295939
23.7627,-97.9012912254
5.6047,111.1740361072
23.4316,143.0913236982
-2.9008,153.818372416
25.3001,53.6783317817
-20.532,162.9592726731
-40.564,176.04950978
10.9951,-131.529738091
11.637,-110.4900345706
-59.5554,180.5090276519
-8.6332,164.8552
24.3455,157.6783920903
51.2977,-16.0395112594
12.2773,-15.9484332884
-4.4767,166.8373086594
45.5944,-22.7371719006
-2.8875,73.3882453229
4.5787,-2.3895432091
-43.5142,-157.5798835672
30.732,138.6896698174
-22.9834,-103.967870101
-32.7228,-72.9147341446
-14.8933,-178.5347805533
-5.3648,159.8991108784
9.8908,112.5578638115
-13.9064,-176.138871929
-22.7026,-151.1233857097
-14.1454,177.0473662282
2.8982,150.5414854819
34.0767,142.4244473133
-1.8755,153.0220249527
-25.7351,-111.4559126027
-54.3045,-48.867368415
-3.2162,167.9892816371
-3.3049,167.8395649766
-3.2648,160.2523216287
-37.0014,0.0377008933
-3.1181,157.0284400605
39.5192,142.0324173963
72.5449,-12.0673964044
-28.8869,-19.431768596
-3.951,150.9057038086
8.66,-17.7600444215
-29.2377,-4.7721538422
-12.6465,-174.1742719428
-10.8887,-167.7450905905
-3.3892,158.5453543422
-22.4149,-187.6927976208
-1.334,70.6404515002
-15.1538,-178.1177941616
-29.3869,38.3699198699
40.9858,140.9097707835
-32.5946,126.4361520165
-8.3572,-169.3321041341
-11.5246,-172.4537947649
8.4896,-8.2742949255
21.9118,145.3826
23.6178,-22.5888507854
-54.2168,152.3151297302
-17.1661,-178.4064105175
-26.2736,-1.7237847324
-2.2805,159.6730197728
41.5412,-22.7950637426
-18.7404,-176.0382872726
-15.3792,-176.5357734978
3.8275,169.9961953249
-53.8645,163.1466088187
-14.5936,-168.909488195
-3.1454,160.915710525
2.4471,155.1480680369
11.5421,-661.300983653
-17.7445,168.12680767
-14.6074,-167.6857544617
-9.0093,162.0221309396
0.3346,172.070244491
-14.7693,169.3295306852
-31.2388,-171.98022741
-17.8123,168.8360987715
-28.3762,181.5548542287
15.3295,60.4600072708
14.9147,144.552956502
-15.6159,-177.354861667
13.0458,56.1027377595
-4.1487,154.7117845328
-1.4511,152.0455909718
-20.9246,-171.4710065425
30.9224,146.1141358126
19.0017,145.6611789889
-48.8146,-15.7814975999
-48.8518,-15.5466577164
8.2925,42.6902707548
40.6491,-35.8956086539
-20.2776,-177.9268571093
17.5658,139.590051496
17.166,95.9271215448
-1.0693,90.3317082059
2.0513,161.8440753554
-17.8037,-175.7169550571
42.7339,-35.249668739
7.419,24.1951555659
-3.1924,161.487267973
-17.7182,-166.1993591822
15.064,95.4528583766
16.2884,145.9115649861
-13.6857,-172.571535121
18.4281,146.6863965595
11.9736,75.7717667551
2.4257,151.6224563863
8.7211,151.1058804223
-6.3354,168.1642499298
-7.3329,159.6600699602
15.444,-27.9280963576
-28.0563,-174.9742529447
-9.0216,-173.8810396027
-31.0115,-96.4339362529
-5.5423,-168.4603533997
14.2512,145.8167997476
2.7274,151.625
8.8549,149.5064062999
15.9374,-16.4735193641
42.6827,142.819596564
-7.8634,164.2222064308
-8.9164,73.4623957951
-30.8997,17.8109488264
-17.1881,-172.0166562759
34.6447,142.0459351421
-47.4265,-14.2116915348
-3.4004,155.1592331601
3.4495,-168.8718452224
-3.6718,155.5995517517
-3.5173,157.4392075152
-13.3632,-171.4672448412
-11.0987,-171.8783228406
-14.745,167.9023204305
-3.2577,157.2228125858
2.5773,98.3562554397
48.6801,-19.5105462265
-8.4685,171.9759520167
-50.5398,-29.7327942621
-8.2347,164.7327704045
-20.2667,-177.0399740173
-28.1502,-178.2120399225
-9.7013,-161.0161031993
-6.2759,-167.0424778177
-8.3297,166.5600667279
-21.7842,-107.8247028959
10.9417,-85.0848534452
29.3458,125.9208535607
10.724,-109.1214268329
-22.2769,-107.944325814
-22.0861,-116.0225421069
-22.1645,-148.2863987869
-22.1447,-108.5815304181
-22.1044,-124.9119883735
24.371,-104.5582949129
8.2954,-99.200373654
8.6517,151.0566312062
-1.2804,160.0438199258
-36.7831,140.3392800662
-19.3729,179.3567927721
-14.9672,168.0489777238
-2.3824,159.180703661
-13.3574,168.1222900268
27.2951,146.4522560649
-14.9603,-174.0997108393
1.1077,-168.5730178184
-13.3107,-172.36502962
-16.6831,-173.1700557329
-17.2422,-173.3124665276
55.9203,158.6596870541
-8.4204,164.8235625903
-31.2283,179.3029515657
-31.0038,174.49569758
10.5157,-98.2340852552
30.3237,144.3558026027
-40.2981,176.1251675993
-2.2336,-192.9705488315
-37.2108,-80.042582438
-4.1215,155.3934183385
62.9259,-3.1011071281
-3.4529,150.851418123
-3.6624,156.2080887203
-3.3757,-174.3921223507
11.7108,97.1035803951
-14.6245,-175.621011845
-2.8026,155.8399702063
53.1298,-36.8266360523
-3.3406,-169.6514851368
-17.5406,-176.8738155289
-2.9676,-166.6802302001
-33.2838,127.9706264441
-12.535,-179.6598731226
-38.0169,176.6156142736
-19.4977,64.6995427067
16.758,151.659372119
21.5627,150.7307781343
49.838,-30.5710800233
-0.8738,-119.1212302312
-0.8221,-76.2642444653
-26.8489,-109.5489455529
-26.9853,-106.4280781245
-26.8095,-105.6488
-26.988,-102.2916674785
64.6386,-26.5637165369
-13.6556,-7.2257498088
-26.9182,-108.8816920863
-45.546,166.5470985047
-19.3861,-10.4659084321
7.6458,97.7135090542
-13.5616,-175.872
-29.4515,52.8225593958
-1.9949,151.039714902
-1.7727,150.9539354607
-54.3882,170.5625163328
23.2652,-21.2308326217
-10.7319,-167.1565385895
-49.086,174.9584125641
-7.9565,-11.6782271277
30.5531,-20.8569903455
-36.9767,-81.6722513721
-8.3658,170.6359611613
-9.2406,-168.7135
-25.5188,57.9338429228
-2.1621,157.1487665641
-2.1755,152.5403163283
-26.9055,-121.8677472756
-9.3618,160.5838756115
-45.3054,134.362637106
18.1574,-19.5459281982
18.2361,-19.5503405708
39.6975,-9.1183017136
-37.4712,84.0186588329
-31.7235,84.3442454077
-3.5026,153.9305609739
-3.2541,156.1223329132
-41.4241,144.052983183
-17.4394,-178.0253565999
-2.6695,85.0435113775
-9.7283,177.615762894
-5.4843,173.1680225249
-14.9798,173.4016588138
1.1023,149.4108285903
65.4002,-26.6909997875
-25.2368,-90.2060579156
-5.024,164.0575361811
53.3235,-29.6852407655
-17.262,-170.5991987354
3.6827,75.6902972103
-15.238,170.098604112
-28.3341,76.6234371249
46.87959327,-112.5230032458
46.9112,-137.9891288512
-2.6725,162.749392069
15.6373,57.7321542343
15.6852,64.9734457657
18.9849,-106.4336449158
15.614,69.7902100306
-15.5955,-168.8003263291
15.6512,67.5438806694
-3.9655,151.7619160997
15.6361,68.8407201499
-0.7672,147.9652329249
15.6562,65.5663699035
15.7009,73.3071560814
-45.7224,164.0199708316
11.7145,85.2337182742
15.709,73.3213956701
-37.5346,178.0716678605
-3.8862,72.9544864963
-19.8913,-174.6879494383
-10.9716,133.0094509531
26.1493,98.1921760927
18.932,-107.443
24.1957,-106.3087977344
-4.0025,102.4421180212
-11.6827,170.3884959254
-9.0888923291,-177.1084939561
-11.47386281,-174.0622747271
-11.4062,-172.0903846328
-11.2618231,-174.9403913735
33.1696,146.5712110919
-30.3,-175.8
-28.7638,-171.0812778227
-6.3,152.8
-4.1009,158.9312596866
-15.1919,169.9946831533
40.442,148.4587733173
-12.6402,-171.4585848429
-19.7,-178.3
-15.9324,-163.9198980029
23.763,-46.626
8.6658,182.9441167163
8.8922,155.9612567532
-17.5105,-165.2902192716
-22.0245,-108.3503667757
-5.9709,164.6572859517
-26.9878,-98.0891297025
-26.9631,-102.6544785136
-31.9548,182.2839680257
-26.8745,-107.1727886038
-12.33088206,-176.8148950415
-12.248,-158.385686468
-2.63429963,151.990596045
-2.5484,161.2570496233
-34.84784897,168.7916051547
-36.581,181.7556798383
-4.8206,166.2989933951
-33.864,70.0535022839
10.8815,130.4732193883
-28.86481648,-178.7000842654
14.2427,146.0955708342
12.1364064748,-68.530362712
-30.7895935252,-72.215362712
-17.2772,-69.1677327413
-5.0522,-75.359073404
-29.971,-78.9061489316
-11.8583,-73.502760534
-34.5597,-71.01060343
-22.9556,-69.1774226335
5.6821,-93.0037935287
-20.5798,-70.905656994
-31.2626,-73.3768277221
-38.8478,-73.6008059535
11.8957,-71.1117561308
-22.4959,-71.7728608768
4.3509,-83.5724729405
-15.4391,-69.3631747918
4.6651,-77.8355241044
-20.1307,-81.6683290487
-21.7717,-61.6799701555
7.7887,-73.7788184121
-28.1044,-72.3833423422
-2.4673,-74.1687861005
-2.4673,-74.1687861005
-11.7484,-74.8015728894
-34.9964,-71.9634875493
-18.804,-72.3272607959
-29.3004,-66.4573431236
-31.7339,-72.7768
-31.1074,-68.6998880797
7.6915,-73.8180685758
-11.7013,-84.5728183395
-20.4745,-71.2813780139
4.9862,-74.8312183038
-26.9801,-71.9933367059
-21.7285,-67.0951298954
-11.1592,-75.0417610933
-24.4006,-68.2152198984
-21.1807,-68.883788903
-23.2122,-68.937497412
-28.0491,-71.4734795967
-27.1759,-69.0474099787
-18.8417,-69.2568362655
-22.6616,-67.5390341127
-31.0812,-70.9828022651
-32.0477,-72.6681586878
-6.4028,-75.3903586793
6.3794,-73.3661175477
-24.9862,-68.9674366048
-11.3231,-82.8257811029
-4.023,-72.7792028548
-19.4109,-64.5172333097
7.6296,-73.5098703785
7.5565,-86.8288411753
-29.7128,-71.9208371908
-13.5122,-65.5872428293
-13.4466,-49.954504664
-34.4578,-71.6225042109
-21.8241,-67.1757880467
-14.977,-72.7862082679
-33.2331,-71.3617116343
-12.6509,-73.0725550909
-22.1257,-69.1392743767
-19.0978,-69.4917382445
-14.874,-73.6437194018
-19.6651,-69.1246892294
7.86,-72.1862109053
-34.7433,-70.8215675344
-23.1258,-68.125758419
-20.2382,-64.7649692989
-22.6571,-67.0791257868
-12.8862,-63.7222998625
-27.9582,-71.0012278154
1.9856,-87.1445294391
1.8853,-84.6940456167
-17.3223,-73.6328976212
-36.0487,-74.0778169057
-20.5848,-95.9940665625
-11.6445,-74.7602524184
-28.947,-72.4197408709
7.5977,-72.2403762872
-50.5554,-77.1646173481
-22.5405,-69.9952429303
-21.7597,-66.74171388
-1.2994,4.6370754261
-18.7163,-58.8742
-1.3547,-77.1719139171
-13.367,-71.4408205381
-21.0165,-64.8893077841
5.6935,-86.3409210557
4.9249,-83.9060941202
4.9945,-83.9416785695
-22.5942,-65.0509432733
-27.4695,-71.5356311179
-30.6855,-68.4067413299
-21.5345,-64.9597769013
-18.3435935252,-69.412362712
-21.6147,-69.4072648014
12.6994,-67.3784360311
3.044,-87.4928943963
-19.7109,-73.158591921
-31.0721,-68.7373874071
7.6208,-72.9589698306
-25.6215935252,-71.606362712
-18.7355935252,-71.324362712
0.2748,-81.6995051301
-21.4426,-70.4765525118
-29.1905935252,-68.142362712
-21.498,-67.3434843889
-10.8319,-78.7912248015
-17.5755,-69.4886350236
-31.3915935252,-71.140362712
12.9599,-64.477854949
12.5639,-69.7889392328
-21.4565935252,-70.045362712
-25.5359,-66.2665171932
-21.5061,-65.729600822
-29.9327,-71.4096972279
-11.5612,-80.6106228753
-24.9251,-69.2497142445
0.5677,-83.8414604137
-24.8456,-66.5575969289
-26.4914,-67.8838719558
-31.053,-68.793660283
-23.1203,-68.6418333165
-20.5307,-66.9618456218
-27.1012,-68.8811015802
9.1369,-73.7671871695
7.6331,-81.9741
-21.3653,-66.4815336776
-18.5761,-70.4774961403
-21.2016,-67.9436439572
-34.6136,-73.1027452779
5.9556,-83.8901448841
-20.0446,-69.0831150732
-34.2054,-74.0021611481
-29.2025935252,-69.072362712
-21.6627,-66.5930080667
-19.0295,-66.4265254518
-11.4376,-78.7765595246
-9.5451,-73.2976889301
-21.3414,-68.2753670349
-15.9481,-67.1592369653
8.982,-71.7514073675
-21.0921,-66.2062468634
9.9098,-81.7559865946
-31.1256,-68.7818371039
8.9886,-79.5540488287
8.9995,-72.7479562622
0.6783,-81.7532988347
-30.8134,-68.0882175635
9.6913,-78.9384143551
-24.2182,-71.4053003309
-33.5988,-71.4135232665
8.6638,-98.9702244434
9.1079,-98.4539734875
-22.1173,-67.1862651834
-21.4552,-68.6625395216
-12.7723,-73.654212214
10.0173,-100.4329105553
-22.5445,-68.2771535658
8.9202,-80.0087212231
0.322,-80.0206439967
-11.9097,-78.8024059763
-3.6826,-88.5300720796
6.4734,-75.9978235535
-36.3977,-75.4806364566
-28.4819,-72.0349947765
-11.8637,-89.1543603565
-34.866,-70.9263459295
1.1547,-77.9322803774
1.1347,-78.2983346072
1.1861,-77.83004306
-11.3457,-74.9802225369
-27.7917,-69.0150274669
-19.1161,-64.1468260576
-20.1691,-74.3466739608
-11.9709,-79.4601383271
-30.6891,-69.7208532799
-21.9106,-65.4380285766
-15.3363,-72.6710505222
-18.0066,-58.1326213299
-19.0717,-68.9481795948
-5.4333,-78.8729415799
6.7881,-77.7863972874
-18.0337,-57.8769197406
-26.6805,-71.3707209338
-39.4769,-75.1564566529
1.1798,-84.7576675974
-27.1364,-68.6878545242
5.8192,-84.6286741143
-19.2105935252,-69.367362712
-21.4235935252,-67.700362712
-32.7907,-70.3651973727
-20.2263,-66.3358
-22.5359,-59.989882885
9.052,-73.7405287181
-19.9929,-69.1966008715
2.9769,-77.158218629
0.4301,-80.269848246
-29.4871,-71.4560735068
-28.9465935252,-72.068362712
-25.3435935252,-71.500362712
-28.892,-71.5628
0.414,-80.2686351969
-11.9789,-62.5593150488
-22.1105,-69.5372
-29.9256,-71.7416464015
-10.8919,-77.1449307124
-34.9413,-74.8931448216
-20.8597,-70.2526900716
-20.8723,-69.9004482079
-11.9899,-76.9380416503
-13.7315,-76.9929778683
6.3923,-78.2960857555
14.5893,-78.6155062502
-18.3264,-70.7269505153
-11.6168,-79.7810108187
-11.2423,-72.7333323014
-32.5719,-71.2806493489
-30.6557,-70.6454486743
-14.9569,-76.7107342689
-19.8078,-68.0556034177
-14.4402,-73.4443453304
7.1543,-80.5733877027
5.0229,-83.7015578071
-0.054,-79.8401072125
0.2686,-77.931932795
-19.7029,-69.6796070229
-20.1202,-69.0751829596
-12.7162,-71.1093033245
-9.4242,-78.3779745462
-20.5382,-70.165938874
-34.3909,-73.4582585133
-19.5706,-69.6157228277
-10.8782,-72.2800517935
-7.5426,-72.3426138398
-12.2945,-73.1031961639
-3.3083,-71.5016310731
-20.9559,-68.2576854079
-11.9859,-76.4633018731
-16.0348,-70.2651507428
-4.9592,-75.6081728909
-19.9903,-68.0908437705
9.2401,-72.459743455
-22.2952,-70.3917847577
0.8034,-79.1253768418
-19.8858,-70.6800450519
-32.2859,-70.6709707116
-15,-74
-21.358,-64.9316786474
1.289,-76.5882746668
